run_id,family,study_id,variant_id,source_root,curated_report,focused_tracking_rmse_mm,focused_post_contact_rmse_mm,focused_transparency_rmse_w,focused_ratio_median,focused_ratio_error_rmse,focused_ratio_valid_fraction,focused_ratio_within_20pct,focused_rms_u_v,focused_mean_abs_delta_u_v,focused_mean_abs_delta2_u_v,focused_failure_rate,train_steps,test_episodes,status
physics_reward_ablation_basic_obs_04_fair_bias15_500k/R0_e_only,reward_ablation,physics_reward_ablation_basic_obs_04_fair_bias15_500k,R0_e_only,matlab_env_python_replica/policy_gradient_experiments/results/dyn,results_index/all_results.md#reward-ablation-r0-r8,7.333,6.527,1.677,0.044,241.511,0.661,0.036,3.576,6.490,12.966,0.000,500000,32,complete
physics_reward_ablation_basic_obs_04_fair_bias15_500k/R1_e_edot,reward_ablation,physics_reward_ablation_basic_obs_04_fair_bias15_500k,R1_e_edot,matlab_env_python_replica/policy_gradient_experiments/results/dyn,results_index/all_results.md#reward-ablation-r0-r8,9.659,8.867,1.235,1.227,366.462,0.569,0.081,0.268,0.076,0.131,0.000,500000,32,complete
physics_reward_ablation_basic_obs_04_fair_bias15_500k/R2_sliding,reward_ablation,physics_reward_ablation_basic_obs_04_fair_bias15_500k,R2_sliding,matlab_env_python_replica/policy_gradient_experiments/results/dyn,results_index/all_results.md#reward-ablation-r0-r8,9.276,8.334,1.198,1.226,669.090,0.568,0.086,0.274,0.109,0.200,0.000,500000,32,complete
physics_reward_ablation_basic_obs_04_fair_bias15_500k/R3_sliding_du,reward_ablation,physics_reward_ablation_basic_obs_04_fair_bias15_500k,R3_sliding_du,matlab_env_python_replica/policy_gradient_experiments/results/dyn,results_index/all_results.md#reward-ablation-r0-r8,8.664,7.670,1.236,1.251,256.399,0.567,0.084,0.255,0.030,0.027,0.000,500000,32,complete
physics_reward_ablation_basic_obs_04_fair_bias15_500k/R4_sliding_du_ddu,reward_ablation,physics_reward_ablation_basic_obs_04_fair_bias15_500k,R4_sliding_du_ddu,matlab_env_python_replica/policy_gradient_experiments/results/dyn,results_index/all_results.md#reward-ablation-r0-r8,8.718,7.691,1.232,1.261,356.875,0.567,0.082,0.248,0.027,0.020,0.000,500000,32,complete
physics_reward_ablation_basic_obs_04_fair_bias15_500k/R5_second_order,reward_ablation,physics_reward_ablation_basic_obs_04_fair_bias15_500k,R5_second_order,matlab_env_python_replica/policy_gradient_experiments/results/dyn,results_index/all_results.md#reward-ablation-r0-r8,8.386,7.162,1.272,1.009,688.738,0.555,0.082,0.239,0.025,0.015,0.000,500000,32,complete
physics_reward_ablation_basic_obs_04_fair_bias15_500k/R6_lyapunov,reward_ablation,physics_reward_ablation_basic_obs_04_fair_bias15_500k,R6_lyapunov,matlab_env_python_replica/policy_gradient_experiments/results/dyn,results_index/all_results.md#reward-ablation-r0-r8,13.865,13.203,1.174,0.579,28.710,0.527,0.021,0.137,0.024,0.032,0.000,500000,32,complete
physics_reward_ablation_basic_obs_04_fair_bias15_500k/R7_phase_direction,reward_ablation,physics_reward_ablation_basic_obs_04_fair_bias15_500k,R7_phase_direction,matlab_env_python_replica/policy_gradient_experiments/results/dyn,results_index/all_results.md#reward-ablation-r0-r8,12.093,11.262,1.156,0.593,184.424,0.531,0.017,0.148,0.029,0.040,0.000,500000,32,complete
physics_reward_ablation_basic_obs_04_fair_bias15_500k/R8_hf_deadzone,reward_ablation,physics_reward_ablation_basic_obs_04_fair_bias15_500k,R8_hf_deadzone,matlab_env_python_replica/policy_gradient_experiments/results/dyn,results_index/all_results.md#reward-ablation-r0-r8,11.952,11.454,1.189,1.099,71.228,0.534,0.018,0.158,0.031,0.043,0.000,500000,32,complete
physics_informed_formulations_03_fair_bias15_500k/F0_baseline,physics_informed,physics_informed_formulations_03_fair_bias15_500k,F0_baseline,matlab_env_python_replica/policy_gradient_experiments/results/dyn,results_index/all_results.md#physics-informed-formulations-f0-f6,4.543,2.880,1.389,0.621,88.307,0.644,0.080,0.762,0.780,1.517,0.000,500000,32,complete
physics_informed_formulations_03_fair_bias15_500k/F1_error_state_reward,physics_informed,physics_informed_formulations_03_fair_bias15_500k,F1_error_state_reward,matlab_env_python_replica/policy_gradient_experiments/results/dyn,results_index/all_results.md#physics-informed-formulations-f0-f6,4.667,3.198,1.435,0.455,1136.514,0.643,0.069,0.974,1.013,1.952,0.000,500000,32,complete
physics_informed_formulations_03_fair_bias15_500k/F2_error_dot_state_reward,physics_informed,physics_informed_formulations_03_fair_bias15_500k,F2_error_dot_state_reward,matlab_env_python_replica/policy_gradient_experiments/results/dyn,results_index/all_results.md#physics-informed-formulations-f0-f6,4.907,3.359,1.326,0.322,240.544,0.679,0.055,1.318,1.487,2.873,0.000,500000,32,complete
physics_informed_formulations_03_fair_bias15_500k/F3_error_ddot_state_reward,physics_informed,physics_informed_formulations_03_fair_bias15_500k,F3_error_ddot_state_reward,matlab_env_python_replica/policy_gradient_experiments/results/dyn,results_index/all_results.md#physics-informed-formulations-f0-f6,4.693,2.820,1.277,1.190,950.544,0.562,0.106,0.264,0.077,0.130,0.000,500000,32,complete
physics_informed_formulations_03_fair_bias15_500k/F4_accel_state,physics_informed,physics_informed_formulations_03_fair_bias15_500k,F4_accel_state,matlab_env_python_replica/policy_gradient_experiments/results/dyn,results_index/all_results.md#physics-informed-formulations-f0-f6,3.535,2.411,1.348,0.776,144.719,0.648,0.096,0.922,1.099,2.090,0.000,500000,32,complete
physics_informed_formulations_03_fair_bias15_500k/F5_accel_state_reward,physics_informed,physics_informed_formulations_03_fair_bias15_500k,F5_accel_state_reward,matlab_env_python_replica/policy_gradient_experiments/results/dyn,results_index/all_results.md#physics-informed-formulations-f0-f6,15.893,14.588,1.618,0.595,1946.017,0.570,0.130,0.466,0.075,0.084,0.000,500000,32,complete
physics_informed_formulations_03_fair_bias15_500k/F6_effort_plus_delta_u,physics_informed,physics_informed_formulations_03_fair_bias15_500k,F6_effort_plus_delta_u,matlab_env_python_replica/policy_gradient_experiments/results/dyn,results_index/all_results.md#physics-informed-formulations-f0-f6,5.002,3.288,1.330,0.917,683.580,0.627,0.084,0.336,0.211,0.380,0.000,500000,32,complete
temporal_observation_stack_03_fair_bias15_500k/T0_pos_current,temporal_observation,temporal_observation_stack_03_fair_bias15_500k,T0_pos_current,matlab_env_python_replica/policy_gradient_experiments/results/dyn,results_index/all_results.md#temporal-observations-t0-t4,6.487,5.028,1.664,1.045,18.305,0.554,0.066,0.302,0.103,0.183,0.000,500000,32,complete
temporal_observation_stack_03_fair_bias15_500k/T1_pos_stack3,temporal_observation,temporal_observation_stack_03_fair_bias15_500k,T1_pos_stack3,matlab_env_python_replica/policy_gradient_experiments/results/dyn,results_index/all_results.md#temporal-observations-t0-t4,6.488,4.806,1.412,1.045,20.668,0.557,0.109,0.243,0.033,0.034,0.000,500000,32,complete
temporal_observation_stack_03_fair_bias15_500k/T2_pos_stack5,temporal_observation,temporal_observation_stack_03_fair_bias15_500k,T2_pos_stack5,matlab_env_python_replica/policy_gradient_experiments/results/dyn,results_index/all_results.md#temporal-observations-t0-t4,8.071,6.521,1.873,0.003,77.438,0.772,0.037,4.831,9.606,19.217,0.000,500000,32,complete
temporal_observation_stack_03_fair_bias15_500k/T3_posvel_current,temporal_observation,temporal_observation_stack_03_fair_bias15_500k,T3_posvel_current,matlab_env_python_replica/policy_gradient_experiments/results/dyn,results_index/all_results.md#temporal-observations-t0-t4,5.177,3.348,1.357,1.075,417.006,0.570,0.104,0.404,0.341,0.666,0.000,500000,32,complete
temporal_observation_stack_03_fair_bias15_500k/T4_posvel_stack3,temporal_observation,temporal_observation_stack_03_fair_bias15_500k,T4_posvel_stack3,matlab_env_python_replica/policy_gradient_experiments/results/dyn,results_index/all_results.md#temporal-observations-t0-t4,4.967,2.898,1.393,0.505,319.730,0.642,0.061,1.194,1.324,2.576,0.000,500000,32,complete
physics_auxiliary_gru_ppo_03_fair_bias15_500k/G0_gru_ppo,auxiliary_gru,physics_auxiliary_gru_ppo_03_fair_bias15_500k,G0_gru_ppo,matlab_env_python_replica/policy_gradient_experiments/results/dyn,results_index/all_results.md#auxiliary-gru-ppo-g0-g3,76.529,180.343,1.007,0.012,4.824,0.095,0.008,0.122,0.000,0.000,1.000,500199,32,complete
physics_auxiliary_gru_ppo_03_fair_bias15_500k/G1_gru_prediction,auxiliary_gru,physics_auxiliary_gru_ppo_03_fair_bias15_500k,G1_gru_prediction,matlab_env_python_replica/policy_gradient_experiments/results/dyn,results_index/all_results.md#auxiliary-gru-ppo-g0-g3,85.159,102.897,0.699,0.366,29.979,0.280,0.091,0.033,0.000,0.000,0.080,500463,32,complete
physics_auxiliary_gru_ppo_03_fair_bias15_500k/G2_gru_hidden_state,auxiliary_gru,physics_auxiliary_gru_ppo_03_fair_bias15_500k,G2_gru_hidden_state,matlab_env_python_replica/policy_gradient_experiments/results/dyn,results_index/all_results.md#auxiliary-gru-ppo-g0-g3,123.245,158.799,0.647,0.290,1139.181,0.124,0.075,0.051,0.000,0.000,0.960,500011,32,complete
physics_auxiliary_gru_ppo_03_fair_bias15_500k/G3_gru_prediction_hidden,auxiliary_gru,physics_auxiliary_gru_ppo_03_fair_bias15_500k,G3_gru_prediction_hidden,matlab_env_python_replica/policy_gradient_experiments/results/dyn,results_index/all_results.md#auxiliary-gru-ppo-g0-g3,118.588,n/a,4.551,0.000,1.392,0.179,0.062,1.098,0.001,0.001,1.000,500006,32,complete
